{
    "ffbsi": [
        [
            0.017198091420868762,
            0.0005461431632548229
        ],
        [
            0.014433644396600966,
            0.00039945205431037576
        ],
        [
            0.013564416967675283,
            0.000250670857950568
        ],
        [
            0.012950023114643808,
            0.00022958167552893395
        ],
        [
            0.02946882756337355,
            0.0010868584264113659
        ]
    ],
    "linear_2022_05_19__18_29_09": [
        [
            0.026152279354615057,
            0.001335488814938081
        ],
        [
            0.024891073248079532,
            0.0011496872248582819
        ],
        [
            0.018462732088600373,
            0.0005276567153446187
        ],
        [
            0.0186746153984316,
            0.0006371532416944356
        ],
        [
            0.05950105047574928,
            0.0026709260160670345
        ]
    ],
    "nonlinear_johnson_2022_05_19__18_29_09": [
        [
            0.02235120531238195,
            0.0009657068802188093
        ],
        [
            0.021478134087975793,
            0.0008344387858212421
        ],
        [
            0.015219910899251102,
            0.0003205159757871709
        ],
        [
            0.015335405004720458,
            0.0004023110206378655
        ],
        [
            0.046416116138869444,
            0.001920801225452799
        ]
    ],
    "nonlinear_ours_2022_05_19__18_29_09": [
        [
            0.1223072790328235,
            0.03943688229351389
        ],
        [
            0.05973423154816411,
            0.005144084642907392
        ],
        [
            0.05474255718671563,
            0.0033924100190148797
        ],
        [
            0.10390442214421754,
            0.019368168580521785
        ],
        [
            0.206278819945205,
            0.04936026485190737
        ]
    ]
}