{
    "ffbsi": [
        [
            0.01043429078770496,
            0.00010961295998350505
        ],
        [
            0.03978518629434385,
            0.001251697004150418
        ],
        [
            0.007989199250761412,
            6.593024008114354e-05
        ],
        [
            0.011566617595622039,
            0.0002480351204537145
        ],
        [
            0.00767021784720395,
            9.025323876669948e-05
        ]
    ],
    "linear_2022_05_19__17_40_20": [
        [
            0.041887768305808495,
            0.002379594782142529
        ],
        [
            0.09747397904743621,
            0.004152313879454024
        ],
        [
            0.03951964607520394,
            0.002232563059584366
        ],
        [
            0.043522716336215544,
            0.004275217982843981
        ],
        [
            0.042773759089126506,
            0.0019633788010792208
        ]
    ],
    "nonlinear_johnson_2022_05_19__17_40_20": [
        [
            0.013871114790600526,
            0.00020520803745301122
        ],
        [
            0.04531307869376912,
            0.0010191331782570274
        ],
        [
            0.008119674842309325,
            6.238183427327287e-05
        ],
        [
            0.013941664288645642,
            0.000380004176943214
        ],
        [
            0.009844556672752912,
            7.243574602320128e-05
        ]
    ],
    "nonlinear_ours_2022_05_19__17_40_20": [
        [
            0.0096289593415392,
            9.882098317789303e-05
        ],
        [
            0.053330807577103484,
            0.0036581692574929685
        ],
        [
            0.01590310526750259,
            0.0002710626385866885
        ],
        [
            0.012232969521977508,
            0.0002942909811754638
        ],
        [
            0.018485116763978272,
            0.0003708404030951714
        ]
    ]
}