{
    "ffbsi": [
        [
            0.004947240547048038,
            9.247439142791669e-05
        ],
        [
            0.003733035931144877,
            3.802301480538956e-05
        ],
        [
            0.004042808870498285,
            6.363537969960128e-05
        ],
        [
            0.003954158819462672,
            4.08466065462013e-05
        ],
        [
            0.0041261797777329134,
            3.9629450395977414e-05
        ]
    ],
    "linear_2022_05_18__16_58_59": [
        [
            0.014686071985922776,
            0.0007571519428498456
        ],
        [
            0.018121323434753738,
            0.0012902293560962577
        ],
        [
            0.01624157758091014,
            0.0006963636535385926
        ],
        [
            0.014842412019433373,
            0.0003750052074527136
        ],
        [
            0.012113730812886784,
            0.00033890676022545993
        ]
    ],
    "nonlinear_johnson_2022_05_18__16_58_59": [
        [
            0.008243579989806375,
            0.00015645339685738146
        ],
        [
            0.009353546945861109,
            0.00020563540282281936
        ],
        [
            0.007995110551806475,
            0.00014015921565183135
        ],
        [
            0.011046730212626596,
            0.00033179844199175457
        ],
        [
            0.007679770621887058,
            0.00011343858507049351
        ]
    ],
    "nonlinear_ours_2022_05_18__16_58_59": [
        [
            0.009879796246309976,
            0.00019493615278575472
        ],
        [
            0.009587417895750185,
            0.00015180971988474379
        ],
        [
            0.00856722394067215,
            0.00017292664062883042
        ],
        [
            0.011111772506845636,
            0.00021509066656231365
        ],
        [
            0.009347398499750529,
            0.0001795385084288145
        ]
    ]
}