{
    "ffbsi": [
        [
            0.004122181371852079,
            3.340857505927281e-05
        ],
        [
            0.004102712821140973,
            5.052161461703188e-05
        ],
        [
            0.003619219435126705,
            3.284255396170203e-05
        ],
        [
            0.004150782269861066,
            5.00295188207182e-05
        ],
        [
            0.00397639365211814,
            3.4400115194612376e-05
        ],
        [
            0.004351469524015519,
            4.439268330366407e-05
        ]
    ],
    "linear_2022_05_18__16_58_59": [
        [
            0.01989588648962556,
            0.0022070040896366816
        ],
        [
            0.01692607355755807,
            0.000829764384796489
        ],
        [
            0.016584166065655836,
            0.0008265624037811446
        ],
        [
            0.014667281924548217,
            0.000602127106787054
        ],
        [
            0.014622194111135738,
            0.0006465471740101552
        ],
        [
            0.0188304875244656,
            0.0016107071517863704
        ]
    ],
    "nonlinear_johnson_2022_05_18__16_58_59": [
        [
            0.011841036830589404,
            0.0008100357375747101
        ],
        [
            0.008661691757215553,
            0.00019249066637056533
        ],
        [
            0.007723092486871541,
            0.0001129583607103119
        ],
        [
            0.008706065659440093,
            0.00022172713511703316
        ],
        [
            0.007307122100569807,
            0.00011514005571228244
        ],
        [
            0.008333575936264576,
            0.00014401769806935967
        ]
    ],
    "nonlinear_ours_2022_05_18__16_58_59": [
        [
            0.01010939456832747,
            0.0001880384052122314
        ],
        [
            0.009075498268797121,
            0.0002038065068028607
        ],
        [
            0.009026139827015101,
            0.00013679561076604808
        ],
        [
            0.008921688047246107,
            0.0002004208433522548
        ],
        [
            0.009565605147959358,
            0.00016118171497014617
        ],
        [
            0.008785269564251526,
            0.00015730725456952546
        ]
    ]
}