{
    "ffbsi": [
        [
            0.05354645211068607,
            0.01494289509093429
        ],
        [
            0.04376826164710464,
            0.0049860562936165954
        ],
        [
            0.04727803182405763,
            0.009168190877856362
        ],
        [
            0.02898566234283584,
            0.001978044539274136
        ],
        [
            0.06910901811025418,
            0.016530104206368242
        ]
    ],
    "nonlinear_johnson_2022_05_18__16_58_59": [
        [
            4.946181552982338
        ],
        [
            3.801284739163549
        ],
        [
            3.9974896871574686
        ],
        [
            3.67461874397047
        ],
        [
            6.626395592115514
        ]
    ],
    "nonlinear_ours_2022_05_18__16_58_59": [
        [
            0.7294871350330965
        ],
        [
            0.9680811946869596
        ],
        [
            0.26554161668586573
        ],
        [
            0.9661521848959183
        ],
        [
            3.6079252480019335
        ]
    ]
}